,pos,status,platforms
1,46403773,0,[0]
2,2613369564,0,[0]
3,46397989,0,[0]
4,46372734,0,[0]
5,46322718,0,[0]
6,46424018,0,[0]
7,46346209,0,[0]
8,46405518,0,[0]
9,46410554,0,[0]
10,46264996,0,[0]
11,46285911,0,[0]
12,282782989,0,[0]
13,46417604,0,[0]
14,5139580897,0,[0]
15,60116630,0,[0]
16,46176936,0,[0]
17,5213036082,0,[0]
18,46417048,0,[0]
19,46503683,0,[0]
20,324022023,0,[0]
21,504583791,0,[0]
22,1624052875,0,[0]
23,46395271,0,[0]
24,7093136767,0,[0]
25,7191938567,0,[0]
26,1723012321,0,[0]
27,46332755,0,[0]
28,46347891,0,[0]
29,46303813,0,[0]
30,46362753,0,[0]
31,46307579,0,[0]
32,46175253,0,[0]
33,1706367964,0,[0]
34,46365598,0,[0]
35,46447092,0,[0]
36,2020569044,0,[0]
37,46495172,0,[0]
38,46396602,0,[0]
39,46376972,0,[0]
40,46415227,0,[0]
41,46281244,0,[0]
42,46475561,0,[0]
43,1993515993,0,[0]
44,7042607646,0,[0]
45,46304867,0,[0]
46,434504335,0,[0]
47,5830440707,0,[0]
48,46294217,0,[0]
49,46428708,0,[0]
50,46379013,0,[0]
51,46186201,0,[0]
52,46380053,0,[0]
53,46342134,0,[0]
54,481290960,0,[0]
55,5420805380,0,[0]
56,46469247,0,[0]
57,916874915,0,[0]
58,46419488,0,[0]
59,46339660,0,[0]
60,1582427317,0,[0]
61,46376866,0,[0]
62,46432910,0,[0]
63,46346389,0,[0]
64,7800918422,0,[0]
65,46369920,0,[0]
66,4375694662,0,[0]
67,46415826,0,[0]
68,46311645,0,[0]
69,2020569181,0,[0]
70,46415901,0,[0]
71,46448381,0,[0]
72,46412243,0,[0]
73,46512256,0,[0]
74,46383340,0,[0]
75,46392048,0,[0]
76,46290934,0,[0]
77,46327284,0,[0]
78,4740795896,0,[0]
79,943858720,0,[0]
80,46312620,0,[0]
81,46325737,0,[0]
82,46441895,0,[0]
83,46370255,0,[0]
84,46272165,0,[0]
85,46396666,0,[0]
86,46346369,0,[0]
87,46291482,0,[0]
88,46295561,0,[0]
89,3361630313,0,[0]
90,46353153,0,[0]
91,46342008,0,[0]
92,46419987,0,[0]
93,1248369453,0,[0]
94,46251552,0,[0]
95,2298641921,0,[0]
96,46286538,0,[0]
97,46310707,0,[0]
98,46295650,0,[0]
99,46294675,0,[0]
100,46303627,0,[0]
101,3509733008,0,[0]
102,6653192557,0,[0]
103,46317519,0,[0]
104,2012191671,0,[0]
105,46400295,0,[0]
106,46314956,0,[0]
107,1411689638,0,[0]
108,46316862,0,[0]
109,46321543,0,[0]
110,6932944580,0,[0]
111,46267655,0,[0]
112,46439661,0,[0]
113,7602862085,0,[0]
114,7638723382,0,[0]
115,46479904,0,[0]
116,46332925,0,[0]
117,46307578,0,[0]
118,6235720060,0,[0]
119,7025532003,0,[0]
120,4380697051,0,[0]
121,7602812910,0,[0]
122,46473281,0,[0]
123,46425605,0,[0]
124,46286795,0,[0]
125,46478017,0,[0]
126,46396254,0,[0]
127,46380158,0,[0]
128,1947215884,0,[0]
129,46342100,0,[0]
130,46180012,0,[0]
131,46459641,0,[0]
132,46360942,0,[0]
133,46315984,0,[0]
134,1998738682,0,[0]
135,969196810,0,[0]
136,46479217,0,[0]
137,46278724,0,[0]
138,5777055048,0,[0]
139,46358665,0,[0]
140,46327560,0,[0]
141,46285786,0,[0]
142,4924587492,0,[0]
143,5002844330,0,[0]
144,46248312,0,[0]
145,46405826,0,[0]
146,46274523,0,[0]
147,46430983,0,[0]
148,46506400,0,[0]
149,46403391,0,[0]
150,46382854,0,[0]
151,46294217,0,[0]
152,2021881804,0,[0]
153,46251809,0,[0]
154,46277759,0,[0]
155,46266648,0,[0]
156,46431628,0,[0]
157,1595305980,0,[0]
158,46427678,0,[0]
159,46295371,0,[0]
160,46397705,0,[0]
161,46419761,0,[0]
162,2306442648,0,[0]
163,46352785,0,[0]
164,4190912947,0,[0]
165,2309524193,0,[0]
166,5833554542,0,[0]
167,46336500,0,[0]
168,46301591,0,[0]
169,46438864,0,[0]
170,5828012939,0,[0]
171,46229473,0,[0]
172,46405876,0,[0]
173,46468860,0,[0]
174,46264142,0,[0]
175,5904163812,0,[0]
176,46390320,0,[0]
177,46358581,0,[0]
178,3190234876,0,[0]
179,46212063,0,[0]
180,7033110170,0,[0]
181,46419488,0,[0]
182,46346609,0,[0]
183,46385510,0,[0]
184,46415826,0,[0]
185,46394792,0,[0]
186,84628706,0,[0]
187,46349723,0,[0]
188,46376866,0,[0]
189,46422984,0,[0]
190,46239222,0,[0]
191,46425341,0,[0]
192,1318851540,0,[0]
193,46318194,0,[0]
194,46289304,0,[0]
195,46424348,0,[0]
196,46372472,0,[0]
197,46337690,0,[0]
198,46397530,0,[0]
199,46401453,0,[0]
200,295677797,0,[0]
201,46418254,0,[0]
202,46347485,0,[0]
203,46372266,0,[0]
204,5137410225,0,[0]
205,4564113776,0,[0]
206,46464817,0,[0]
207,46357388,0,[0]
208,46313781,0,[0]
209,46368467,0,[0]
210,46443821,0,[0]
211,46279693,0,[0]
212,46350068,0,[0]
213,2296492684,0,[0]
214,46383977,0,[0]
215,46365575,0,[0]
216,46361479,0,[0]
217,46315404,0,[0]
218,1655770287,0,[0]
219,46397154,0,[0]
220,46336500,0,[0]
221,46486597,0,[0]
222,4862694758,0,[0]
223,46399060,0,[0]
224,295657398,0,[0]
225,46398982,0,[0]
226,46276329,0,[0]
227,7223657265,0,[0]
228,46302224,0,[0]
229,46299919,0,[0]
230,46415905,0,[0]
231,46303623,0,[0]
232,46448493,0,[0]
233,46372557,0,[0]
234,46472952,0,[0]
235,7638757810,0,[0]
236,46186239,0,[0]
237,46275499,0,[0]
238,2306196651,0,[0]
239,46501989,0,[0]
240,46178635,0,[0]
241,2613220870,0,[0]
242,46411497,0,[0]
243,46307218,0,[0]
244,46278088,0,[0]
245,30225690,0,[0]
246,46291583,0,[0]
247,4190912947,0,[0]
248,46325882,0,[0]
249,46351355,0,[0]
250,46372472,0,[0]
251,46345042,0,[0]
252,46436643,0,[0]
253,46383466,0,[0]
254,1582704850,0,[0]
255,46421259,0,[0]
256,46374662,0,[0]
257,46344934,0,[0]
258,46380734,0,[0]
259,46277216,0,[0]
260,46440972,0,[0]
261,7191938580,0,[0]
262,4978338506,0,[0]
263,863195548,0,[0]
264,46399841,0,[0]
265,46380582,0,[0]
266,46397185,0,[0]
267,1350128699,0,[0]
268,46358447,0,[0]
269,46310766,0,[0]
270,46368484,0,[0]
271,46411613,0,[0]
272,46375408,0,[0]
273,46461345,0,[0]
274,46245420,0,[0]
275,46302296,0,[0]
276,2020569166,0,[0]
277,46307985,0,[0]
278,46400511,0,[0]
279,2772719495,0,[0]
280,3803531939,0,[0]
281,232445030,0,[0]
282,46319805,0,[0]
283,4921336521,0,[0]
284,46208143,0,[0]
285,46341083,0,[0]
286,2021881804,0,[0]
287,5737703278,0,[0]
288,2877620938,0,[0]
289,1657457053,0,[0]
290,2054127647,0,[0]
291,5216414715,0,[0]
292,2300344126,0,[0]
293,46282548,0,[0]
294,3416675257,0,[0]
295,46298145,0,[0]
296,46397480,0,[0]
297,6933164026,0,[0]
298,46275433,0,[0]
299,46536770,0,[0]
300,46401914,0,[0]
301,4377757606,0,[0]
302,46274667,0,[0]
303,46394113,0,[0]
304,7014642384,0,[0]
305,7042607646,0,[0]
306,46332379,0,[0]
307,6653308970,0,[0]
308,46301499,0,[0]
309,46407193,0,[0]
310,46269792,0,[0]
311,46266648,0,[0]
312,46373371,0,[0]
313,1332272273,0,[0]
314,5481400830,0,[0]
315,46480824,0,[0]
316,46408005,0,[0]
317,4742122651,0,[0]
318,46190464,0,[0]
319,46363868,0,[0]
320,46458798,0,[0]
321,46229473,0,[0]
322,46293294,0,[0]
323,46298527,0,[0]
324,46410913,0,[0]
325,46451212,0,[0]
326,2599727053,0,[0]
327,2974300947,0,[0]
328,46336424,0,[0]
329,46296381,0,[0]
330,46376418,0,[0]
331,4966813734,0,[0]
332,46303734,0,[0]
333,46511757,0,[0]
334,3309328506,0,[0]
335,2188702229,0,[0]
336,46461427,0,[0]
337,46311966,0,[0]
338,46406997,0,[0]
339,46274814,0,[0]
340,46411428,0,[0]
341,46407302,0,[0]
342,46408252,0,[0]
343,1655770321,0,[0]
344,46355452,0,[0]
345,46312862,0,[0]
346,46419488,0,[0]
347,46408934,0,[0]
348,46325417,0,[0]
349,46311309,0,[0]
350,7367108216,0,[0]
351,46420083,0,[0]
352,46268895,0,[0]
353,46404439,0,[0]
354,3803531910,0,[0]
355,5481400830,0,[0]
356,46369301,0,[0]
357,46351557,0,[0]
358,7026677614,0,[0]
359,46177779,0,[0]
360,46496178,0,[0]
361,3185460795,0,[0]
362,7431281914,0,[0]
363,46343706,0,[0]
364,46400862,0,[0]
365,46396070,0,[0]
366,46323920,0,[0]
367,46336020,0,[0]
368,4625767491,0,[0]
369,46310905,0,[0]
370,280508207,0,[0]
371,46267254,0,[0]
372,7800918395,0,[0]
373,1098308307,0,[0]
374,46473281,0,[0]
375,2298641917,0,[0]
376,428763763,0,[0]
377,46400700,0,[0]
378,46354395,0,[0]
379,1258330699,0,[0]
380,46398432,0,[0]
381,46365350,0,[0]
382,7800918439,0,[0]
383,46300892,0,[0]
384,5180029052,0,[0]
385,46389311,0,[0]
386,46410375,0,[0]
387,46353702,0,[0]
388,46416520,0,[0]
389,46303232,0,[0]
390,46424976,0,[0]
391,46310765,0,[0]
392,178873237,0,[0]
393,46434754,0,[0]
394,46309787,0,[0]
395,1625112157,0,[0]
396,46405796,0,[0]
397,6367675395,0,[0]
398,1042870353,0,[0]
399,7026677592,0,[0]
400,46436689,0,[0]
401,46347891,0,[0]
402,46378536,0,[0]
403,46403156,0,[0]
404,46370194,0,[0]
405,5873985105,0,[0]
406,46267252,0,[0]
407,46392332,0,[0]
408,46235295,0,[0]
409,46479822,0,[0]
410,2972598764,0,[0]
411,46370255,0,[0]
412,46430142,0,[0]
413,46502300,0,[0]
414,46335668,0,[0]
415,46374077,0,[0]
416,46465056,0,[0]
417,46400705,0,[0]
418,46316297,0,[0]
419,5481398820,0,[0]
420,46271757,0,[0]
421,46279294,0,[0]
422,7800918445,0,[0]
423,46287743,0,[0]
424,46549174,0,[0]
425,46379432,0,[0]
426,2601021021,0,[0]
427,5024599348,0,[0]
428,46420380,0,[0]
429,4921336521,0,[0]
430,46426217,0,[0]
431,5899675531,0,[0]
432,46381132,0,[0]
433,302332983,0,[0]
434,7026677613,0,[0]
435,1715273753,0,[0]
436,46350006,0,[0]
437,46297072,0,[0]
438,798909747,0,[0]
439,46271711,0,[0]
440,46303777,0,[0]
441,46317819,0,[0]
442,2849361965,0,[0]
443,2332802314,0,[0]
444,988913700,0,[0]
445,46437004,0,[0]
446,46356679,0,[0]
447,46374203,0,[0]
448,271391422,0,[0]
449,46279220,0,[0]
450,5828012925,0,[0]
451,46398978,0,[0]
452,1801588899,0,[0]
453,46576692,0,[0]
454,457209295,0,[0]
455,46347891,0,[0]
456,46450923,0,[0]
457,46421864,0,[0]
458,1655770267,0,[0]
459,282371345,0,[0]
460,46484142,0,[0]
461,46544677,0,[0]
462,420259807,0,[0]
463,2004745634,0,[0]
464,154528006,0,[0]
465,4623486331,0,[0]
466,46508990,0,[0]
467,2892030816,0,[0]
468,46356117,0,[0]
469,46275865,0,[0]
470,7325122869,0,[0]
471,1252351100,0,[0]
472,46371073,0,[0]
473,46401914,0,[0]
474,746013773,0,[0]
475,46363000,0,[0]
476,46256465,0,[0]
477,5481400822,0,[0]
478,46461826,0,[0]
479,46251832,0,[0]
480,4566767933,0,[0]
481,4977962101,0,[0]
482,7191938581,0,[0]
483,46248243,0,[0]
484,46432833,0,[0]
485,46260300,0,[0]
486,46370640,0,[0]
487,885992156,0,[0]
488,46332487,0,[0]
489,2975008363,0,[0]
490,46417604,0,[0]
491,946481608,0,[0]
492,46312655,0,[0]
493,46279940,0,[0]
494,46395354,0,[0]
495,722976467,0,[0]
496,1139517344,0,[0]
497,46347485,0,[0]
498,27219290,0,[0]
499,46436765,0,[0]
500,46433864,0,[0]
501,46353629,0,[0]
502,75668726,0,[0]
503,46393690,0,[0]
504,2300133169,0,[0]
505,46410754,0,[0]
506,291130803,0,[0]
507,46417602,0,[0]
508,416986797,0,[0]
509,46290607,0,[0]
510,46291850,0,[0]
511,4946660080,0,[0]
512,46413366,0,[0]
513,46479259,0,[0]
514,46506734,0,[0]
515,46345067,0,[0]
516,331548009,0,[0]
517,2054127618,0,[0]
518,46429483,0,[0]
519,46357388,0,[0]
520,1747231828,0,[0]
521,46390957,0,[0]
522,46340770,0,[0]
523,46327150,0,[0]
524,46360091,0,[0]
525,46477549,0,[0]
526,46468385,0,[0]
527,46308734,0,[0]
528,3294630425,0,[0]
529,46397989,0,[0]
530,5830440697,0,[0]
531,3301285112,0,[0]
532,46386454,0,[0]
533,46505701,0,[0]
534,7563284360,0,[0]
535,46349924,0,[0]
536,46372928,0,[0]
537,46270691,0,[0]
538,7094675695,0,[0]
539,1025242701,0,[0]
540,1057816391,0,[0]
541,7042617201,0,[0]
542,46378943,0,[0]
543,7886126792,0,[0]
544,61815425,0,[0]
545,46374153,0,[0]
546,7800918445,0,[0]
547,46426302,0,[0]
548,46348248,0,[0]
549,46398730,0,[0]
550,46472491,0,[0]
551,46465479,0,[0]
552,46332529,0,[0]
553,6367675420,0,[0]
554,6653544422,0,[0]
555,3805227514,0,[0]
556,46415032,0,[0]
557,46255154,0,[0]
558,46404755,0,[0]
559,46424528,0,[0]
560,46342898,0,[0]
561,1065765062,0,[0]
562,1976785546,0,[0]
563,1447461289,0,[0]
564,46472772,0,[0]
565,1624052875,0,[0]
566,31240666,0,[0]
567,46311959,0,[0]
568,1525016500,0,[0]
569,46370309,0,[0]
570,1069290032,0,[0]
571,46326847,0,[0]
572,46390958,0,[0]
573,46376216,0,[0]
574,46400246,0,[0]
575,46476444,0,[0]
576,46380094,0,[0]
577,30154650,0,[0]
578,46405306,0,[0]
579,7883650417,0,[0]
580,5503380097,0,[0]
581,46282288,0,[0]
582,46280911,0,[0]
583,46413765,0,[0]
584,4516017649,0,[0]
585,885992156,0,[0]
586,2773423224,0,[0]
587,46300931,0,[0]
588,5180029053,0,[0]
589,46403810,0,[0]
590,4625767491,0,[0]
591,295677797,0,[0]
592,46287095,0,[0]
593,46285287,0,[0]
594,46345925,0,[0]
595,46373371,0,[0]
596,2020569036,0,[0]
597,3301285121,0,[0]
598,2016733900,0,[0]
599,46279294,0,[0]
600,46372409,0,[0]
601,46502322,0,[0]
602,4799100468,0,[0]
603,2020614369,0,[0]
604,46433377,0,[0]
605,46503711,0,[0]
606,46443603,0,[0]
607,46261781,0,[0]
608,46519472,0,[0]
609,46461474,0,[0]
610,46424280,0,[0]
611,46436026,0,[0]
612,46464358,0,[0]
613,1069320429,0,[0]
614,46372441,0,[0]
615,46336658,0,[0]
616,46266838,0,[0]
617,46440472,0,[0]
618,46367563,0,[0]
619,1744690875,0,[0]
620,46276322,0,[0]
621,46391902,0,[0]
622,46277677,0,[0]
623,46270804,0,[0]
624,46527696,0,[0]
625,46311309,0,[0]
626,46321543,0,[0]
627,3416675272,0,[0]
628,5115773383,0,[0]
629,46421375,0,[0]
630,46463220,0,[0]
631,7026677595,0,[0]
632,687796208,0,[0]
633,46524105,0,[0]
634,46439952,0,[0]
635,46327862,0,[0]
636,178873234,0,[0]
637,46446707,0,[0]
638,46443083,0,[0]
639,2020614379,0,[0]
640,46347923,0,[0]
641,46384186,0,[0]
642,46347609,0,[0]
643,46450923,0,[0]
644,46390638,0,[0]
645,46309996,0,[0]
646,46374082,0,[0]
647,46370638,0,[0]
648,46265313,0,[0]
649,46386760,0,[0]
650,46426683,0,[0]
651,46544970,0,[0]
652,2020569209,0,[0]
653,1854334603,0,[0]
654,46373735,0,[0]
655,5001905112,0,[0]
656,46398725,0,[0]
657,46344104,0,[0]
658,46424805,0,[0]
659,46555017,0,[0]
660,46338919,0,[0]
661,46425658,0,[0]
662,46368983,0,[0]
663,2298641931,0,[0]
664,46332803,0,[0]
665,46380582,0,[0]
666,46338837,0,[0]
667,7042607654,0,[0]
668,46311341,0,[0]
669,46325205,0,[0]
670,7066536826,0,[0]
671,46260093,0,[0]
672,46303119,0,[0]
673,7858563833,0,[0]
674,46211368,0,[0]
675,46331717,0,[0]
676,46270400,0,[0]
677,46346389,0,[0]
678,46343839,0,[0]
679,6201296475,0,[0]
680,6932256664,0,[0]
681,46215892,0,[0]
682,46343024,0,[0]
683,6236069119,0,[0]
684,46343327,0,[0]
685,2054127647,0,[0]
686,274926251,0,[0]
687,46217328,0,[0]
688,46366421,0,[0]
689,46464897,0,[0]
690,46277756,0,[0]
691,46183796,0,[0]
692,46371986,0,[0]
693,283592837,0,[0]
694,295657854,0,[0]
695,46216670,0,[0]
696,529002957,0,[0]
697,5830440704,0,[0]
698,3958865871,0,[0]
699,46372608,0,[0]
700,4799100462,0,[0]
701,46415826,0,[0]
702,46419150,0,[0]
703,2614519243,0,[0]
704,46326847,0,[0]
705,6932962790,0,[0]
706,7093136767,0,[0]
707,46271731,0,[0]
708,46427763,0,[0]
709,6235720060,0,[0]
710,46303813,0,[0]
711,281179667,0,[0]
712,46215198,0,[0]
713,1601696790,0,[0]
714,46481231,0,[0]
715,46403391,0,[0]
716,46361176,0,[0]
717,46316356,0,[0]
718,1437762785,0,[0]
719,46398689,0,[0]
720,46436170,0,[0]
721,1599010892,0,[0]
722,46282543,0,[0]
723,46346316,0,[0]
724,46425115,0,[0]
725,46357694,0,[0]
726,46390324,0,[0]
727,46298140,0,[0]
728,6933008649,0,[0]
729,46380734,0,[0]
730,26596415,0,[0]
731,2001415717,0,[0]
732,46304982,0,[0]
733,46415032,0,[0]
734,46275698,0,[0]
735,46183744,0,[0]
736,46465250,0,[0]
737,46329202,0,[0]
738,46317209,0,[0]
739,2298641937,0,[0]
740,46393121,0,[0]
741,46298199,0,[0]
742,2309566351,0,[0]
743,46533022,0,[0]
744,46294699,0,[0]
745,46535800,0,[0]
746,46396064,0,[0]
747,46305102,0,[0]
748,46401867,0,[0]
749,3788945707,0,[0]
750,46273402,0,[0]
751,46299328,0,[0]
752,46381518,0,[0]
753,2016733905,0,[0]
754,6920535652,0,[0]
755,418147010,0,[0]
756,46425980,0,[0]
757,2021881745,0,[0]
758,440365409,0,[0]
759,46263141,0,[0]
760,46444737,0,[0]
761,46284415,0,[0]
762,1651395368,0,[0]
763,46393888,0,[0]
764,46444862,0,[0]
765,2337049929,0,[0]
766,3907282476,0,[0]
767,46402187,0,[0]
768,46419449,0,[0]
769,46373209,0,[0]
770,26585460,0,[0]
771,805064233,0,[0]
772,46298181,0,[0]
773,1966406024,0,[0]
774,46566872,0,[0]
775,46422533,0,[0]
776,46432931,0,[0]
777,3784893824,0,[0]
778,4720895761,0,[0]
779,46366674,0,[0]
780,1263097446,0,[0]
781,46431377,0,[0]
782,46424606,0,[0]
783,7026677616,0,[0]
784,46452949,0,[0]
785,6653563597,0,[0]
786,46405518,0,[0]
787,46298488,0,[0]
788,31296271,0,[0]
789,46300860,0,[0]
790,2309524252,0,[0]
791,46360267,0,[0]
792,46486440,0,[0]
793,46434857,0,[0]
794,46198540,0,[0]
795,46285451,0,[0]
796,46267729,0,[0]
797,46239336,0,[0]
798,46418254,0,[0]
799,46499861,0,[0]
800,5802352868,0,[0]
801,46433343,0,[0]
802,7050411191,0,[0]
803,3300743905,0,[0]
804,46268557,0,[0]
805,46378914,0,[0]
806,46425605,0,[0]
807,1706367964,0,[0]
808,1003028151,0,[0]
809,46367433,0,[0]
810,46484141,0,[0]
811,46417480,0,[0]
812,46317229,0,[0]
813,46395569,0,[0]
814,46437731,0,[0]
815,1577788575,0,[0]
816,46409618,0,[0]
817,46297700,0,[0]
818,46326869,0,[0]
819,46484985,0,[0]
820,46350193,0,[0]
821,420259808,0,[0]
822,46178706,0,[0]
823,5142612141,0,[0]
824,46341971,0,[0]
825,46391320,0,[0]
826,46263772,0,[0]
827,506965962,0,[0]
828,2831451651,0,[0]
829,3923400537,0,[0]
830,175661644,0,[0]
831,46333666,0,[0]
832,46390320,0,[0]
833,6653192555,0,[0]
834,46382948,0,[0]
835,46339229,0,[0]
836,295657396,0,[0]
837,46331506,0,[0]
838,2308176060,0,[0]
839,46355856,0,[0]
840,46387433,0,[0]
841,46352879,0,[0]
842,46307676,0,[0]
843,46476437,0,[0]
844,46414731,0,[0]
845,46311177,0,[0]
846,46383282,0,[0]
847,271391419,0,[0]
848,1731537433,0,[0]
849,46398148,0,[0]
850,1977796561,0,[0]
851,5615352272,0,[0]
852,1494204603,0,[0]
853,46453522,0,[0]
854,7801983481,0,[0]
855,283619939,0,[0]
856,46342030,0,[0]
857,2300846515,0,[0]
858,46400705,0,[0]
859,372972696,0,[0]
860,3411610200,0,[0]
861,7891209946,0,[0]
862,46410499,0,[0]
863,343261934,0,[0]
864,1976785351,0,[0]
865,46288640,0,[0]
866,46305946,0,[0]
867,46294675,0,[0]
868,46340677,0,[0]
869,46270000,0,[0]
870,46466587,0,[0]
871,46385942,0,[0]
872,6933063429,0,[0]
873,46302780,0,[0]
874,46416156,0,[0]
875,46468272,0,[0]
876,5115773383,0,[0]
877,46417893,0,[0]
878,242060519,0,[0]
879,46326872,0,[0]
880,1256673332,0,[0]
881,46280154,0,[0]
882,258421545,0,[0]
883,46381815,0,[0]
884,46181180,0,[0]
885,46347929,0,[0]
886,46422988,0,[0]
887,2311099032,0,[0]
888,46439911,0,[0]
889,46428076,0,[0]
890,46453688,0,[0]
891,46345823,0,[0]
892,46417604,0,[0]
893,46341586,0,[0]
894,46239291,0,[0]
895,46445830,0,[0]
896,46299428,0,[0]
897,2309524252,0,[0]
898,1032858522,0,[0]
899,46287567,0,[0]
900,46412243,0,[0]
901,46268895,0,[0]
902,46404816,0,[0]
903,46173776,0,[0]
904,46494261,0,[0]
905,46281687,0,[0]
906,46324209,0,[0]
907,46285251,0,[0]
908,46473281,0,[0]
909,46320050,0,[0]
910,46186730,0,[0]
911,7223585662,0,[0]
912,46368850,0,[0]
913,46476860,0,[0]
914,46212063,0,[0]
915,46329158,0,[0]
916,46253955,0,[0]
917,46296489,0,[0]
918,46371927,0,[0]
919,46299601,0,[0]
920,1069320462,0,[0]
921,46250345,0,[0]
922,46382632,0,[0]
923,2101786758,0,[0]
924,4978338506,0,[0]
925,46287569,0,[0]
926,7191426874,0,[0]
927,46258780,0,[0]
928,46305862,0,[0]
929,46295651,0,[0]
930,721231958,0,[0]
931,46390320,0,[0]
932,46267197,0,[0]
933,46436120,0,[0]
934,46490554,0,[0]
935,84486707,0,[0]
936,46290738,0,[0]
937,46331553,0,[0]
938,46353508,0,[0]
939,46443601,0,[0]
940,31296271,0,[0]
941,46351122,0,[0]
942,1562193390,0,[0]
943,46389668,0,[0]
944,267046127,0,[0]
945,46408563,0,[0]
946,46399891,0,[0]
947,46284100,0,[0]
948,4450642115,0,[0]
949,46348431,0,[0]
950,2400161649,0,[0]
951,46434411,0,[0]
952,46384590,0,[0]
953,46405314,0,[0]
954,46410411,0,[0]
955,287775057,0,[0]
956,46440554,0,[0]
957,2614519244,0,[0]
958,7638753186,0,[0]
959,1715273753,0,[0]
960,3361630313,0,[0]
961,46370194,0,[0]
962,3411610216,0,[0]
963,46331506,0,[0]
964,7223583026,0,[0]
965,4727633297,0,[0]
966,46421833,0,[0]
967,1715224324,0,[0]
968,46305299,0,[0]
969,46360980,0,[0]
970,46181185,0,[0]
971,46530979,0,[0]
972,46422430,0,[0]
973,46421798,0,[0]
974,4977839032,0,[0]
975,46429568,0,[0]
976,5828012925,0,[0]
977,3185460795,0,[0]
978,46388899,0,[0]
979,46419768,0,[0]
980,46351127,0,[0]
981,46308920,0,[0]
982,1447440252,0,[0]
983,1587126023,0,[0]
984,46399533,0,[0]
985,46415032,0,[0]
986,46413895,0,[0]
987,5615352460,0,[0]
988,46431377,0,[0]
989,46312585,0,[0]
990,1258330580,0,[0]
991,26586128,0,[0]
992,46430980,0,[0]
993,7042617201,0,[0]
994,5833461622,0,[0]
995,2020569036,0,[0]
996,46270693,0,[0]
997,46401867,0,[0]
998,46360617,0,[0]
999,46449694,0,[0]
1000,46333666,0,[0]
1001,46487751,0,[0]
1002,46429483,0,[0]
1003,46371986,0,[0]
1004,46258239,0,[0]
1005,46287710,0,[0]
1006,46427136,0,[0]
1007,722976569,0,[0]
1008,46385297,0,[0]
1009,46424308,0,[0]
1010,46255080,0,[0]
1011,46314318,0,[0]
1012,3826291546,0,[0]
1013,46399374,0,[0]
1014,46402805,0,[0]
1015,46389080,0,[0]
1016,46307548,0,[0]
1017,46362707,0,[0]
1018,452003283,0,[0]
1019,3177724788,0,[0]
1020,1747536782,0,[0]
1021,46567697,0,[0]
1022,46477931,0,[0]
1023,46296601,0,[0]
1024,1715224330,0,[0]
1025,46279226,0,[0]
1026,46535555,0,[0]
1027,46483027,0,[0]
1028,46281060,0,[0]
1029,46360091,0,[0]
1030,46361994,0,[0]
1031,46288954,0,[0]
1032,283619937,0,[0]
1033,7544491525,0,[0]
1034,46271731,0,[0]
1035,295730931,0,[0]
1036,46365720,0,[0]
1037,3190234876,0,[0]
1038,1499334836,0,[0]
1039,46491994,0,[0]
1040,5355696677,0,[0]
1041,46353271,0,[0]
1042,950314980,0,[0]
1043,46376975,0,[0]
1044,46436617,0,[0]
1045,46444836,0,[0]
1046,2306308286,0,[0]
1047,46302681,0,[0]
1048,506965966,0,[0]
1049,46491270,0,[0]
1050,46181616,0,[0]
1051,46397669,0,[0]
1052,46441729,0,[0]
1053,46268133,0,[0]
1054,46375823,0,[0]
1055,1166908628,0,[0]
1056,46488206,0,[0]
1057,46340772,0,[0]
1058,46292084,0,[0]
1059,1332242073,0,[0]
1060,46332063,0,[0]
1061,1655770275,0,[0]
1062,1432668024,0,[0]
1063,46305099,0,[0]
1064,46439227,0,[0]
1065,46173600,0,[0]
1066,46415826,0,[0]
1067,46371509,0,[0]
1068,46279939,0,[0]
1069,46431771,0,[0]
1070,3296689787,0,[0]
1071,1721213312,0,[0]
1072,46448212,0,[0]
1073,2640695297,0,[0]
1074,46412389,0,[0]
1075,2333230627,0,[0]
1076,46294217,0,[0]
1077,46392805,0,[0]
1078,46345887,0,[0]
1079,46237525,0,[0]
1080,46295155,0,[0]
1081,46365575,0,[0]
1082,46348272,0,[0]
1083,46185279,0,[0]
1084,46448381,0,[0]
1085,46499890,0,[0]
1086,6391839592,0,[0]
1087,1339491541,0,[0]
1088,46335229,0,[0]
1089,46365718,0,[0]
1090,1746135649,0,[0]
1091,46342514,0,[0]
1092,284809865,0,[0]
1093,46258023,0,[0]
1094,7638635977,0,[0]
1095,46443464,0,[0]
1096,46442305,0,[0]
1097,305789966,0,[0]
1098,46259573,0,[0]
1099,46343829,0,[0]
1100,46423823,0,[0]
1101,2772719495,0,[0]
1102,6103940691,0,[0]
1103,5457163017,0,[0]
1104,46374365,0,[0]
1105,46439661,0,[0]
1106,46367805,0,[0]
1107,46371369,0,[0]
1108,46188068,0,[0]
1109,46322490,0,[0]
1110,46371578,0,[0]
1111,46372472,0,[0]
1112,46530423,0,[0]
1113,46314836,0,[0]
1114,46444702,0,[0]
1115,416986797,0,[0]
1116,46430021,0,[0]
1117,46275861,0,[0]
1118,2400161649,0,[0]
1119,2047973302,0,[0]
1120,46284104,0,[0]
1121,46444283,0,[0]
1122,3298957627,0,[0]
1123,6542548105,0,[0]
1124,46351200,0,[0]
1125,2300133261,0,[0]
1126,46342969,0,[0]
1127,46299025,0,[0]
1128,46415227,0,[0]
1129,46497863,0,[0]
1130,5830440708,0,[0]
1131,46433864,0,[0]
1132,4447532269,0,[0]
1133,295681891,0,[0]
1134,5904163812,0,[0]
1135,46303115,0,[0]
1136,46376376,0,[0]
1137,3187461411,0,[0]
1138,46423392,0,[0]
1139,46359001,0,[0]
1140,46480146,0,[0]
1141,7223513187,0,[0]
1142,152788766,0,[0]
1143,2599727053,0,[0]
1144,46407193,0,[0]
1145,6932152173,0,[0]
1146,46342110,0,[0]
1147,416986740,0,[0]
1148,46393200,0,[0]
1149,46344461,0,[0]
1150,46467895,0,[0]
1151,46312655,0,[0]
1152,5777055555,0,[0]
1153,46446857,0,[0]
1154,46271666,0,[0]
1155,5828012924,0,[0]
1156,46247649,0,[0]
1157,46352143,0,[0]
1158,297095272,0,[0]
1159,46262427,0,[0]
1160,46325882,0,[0]
1161,2332802382,0,[0]
1162,1625112221,0,[0]
1163,46397480,0,[0]
1164,46380090,0,[0]
1165,46387468,0,[0]
1166,2020569050,0,[0]
1167,3301285118,0,[0]
1168,46188646,0,[0]
1169,46225675,0,[0]
1170,46386454,0,[0]
1171,46181616,0,[0]
1172,46266350,0,[0]
1173,46397530,0,[0]
1174,2306308286,0,[0]
1175,46243584,0,[0]
1176,46478641,0,[0]
1177,410449460,0,[0]
1178,283592606,0,[0]
1179,3185290447,0,[0]
1180,46330409,0,[0]
1181,2012191835,0,[0]
1182,46430738,0,[0]
1183,1083465092,0,[0]
1184,84470718,0,[0]
1185,798747237,0,[0]
1186,46327539,0,[0]
1187,5355696677,0,[0]
1188,1416317596,0,[0]
1189,6949114037,0,[0]
1190,46468456,0,[0]
1191,46387096,0,[0]
1192,46177208,0,[0]
1193,46463413,0,[0]
1194,1332242073,0,[0]
1195,46360267,0,[0]
1196,344367367,0,[0]
1197,46362680,0,[0]
1198,725239288,0,[0]
1199,46303214,0,[0]
1200,46420083,0,[0]
1201,46382129,0,[0]
1202,2300133169,0,[0]
1203,1978342133,0,[0]
1204,46294217,0,[0]
1205,46441664,0,[0]
1206,46409619,0,[0]
1207,46411053,0,[0]
1208,46415902,0,[0]
1209,46342707,0,[0]
1210,46439691,0,[0]
1211,46394113,0,[0]
1212,46396601,0,[0]
1213,7602862085,0,[0]
1214,3294630423,0,[0]
1215,46411926,0,[0]
1216,46526685,0,[0]
1217,7014652998,0,[0]
1218,1976839591,0,[0]
1219,1205690119,0,[0]
1220,46424939,0,[0]
1221,46382232,0,[0]
1222,2308176051,0,[0]
1223,1447440254,0,[0]
1224,46383340,0,[0]
1225,1332773715,0,[0]
1226,46436030,0,[0]
1227,46403388,0,[0]
1228,1667654372,0,[0]
1229,46316659,0,[0]
1230,46323050,0,[0]
1231,46351127,0,[0]
1232,46417479,0,[0]
1233,46424939,0,[0]
1234,46232112,0,[0]
1235,46332487,0,[0]
1236,7602862348,0,[0]
1237,1562193388,0,[0]
1238,46184457,0,[0]
1239,46284415,0,[0]
1240,46301016,0,[0]
1241,451946454,0,[0]
1242,46281894,0,[0]
1243,46339710,0,[0]
1244,6129443325,0,[0]
1245,46555017,0,[0]
1246,46284390,0,[0]
1247,46309910,0,[0]
1248,46330847,0,[0]
1249,974691771,0,[0]
1250,46449210,0,[0]
1251,46348603,0,[0]
1252,2016695225,0,[0]
1253,46514993,0,[0]
1254,2179960405,0,[0]
1255,46330371,0,[0]
1256,46299414,0,[0]
1257,46418359,0,[0]
1258,46289634,0,[0]
1259,2899903558,0,[0]
1260,6488224137,0,[0]
1261,46520780,0,[0]
1262,5194341982,0,[0]
1263,46473682,0,[0]
1264,2021881794,0,[0]
1265,46355782,0,[0]
1266,3294630425,0,[0]
1267,412764307,0,[0]
1268,6020337809,0,[0]
1269,420259801,0,[0]
1270,46468704,0,[0]
1271,46314364,0,[0]
1272,1941627980,0,[0]
1273,46402805,0,[0]
1274,1350165416,0,[0]
1275,1602707048,0,[0]
1276,46316927,0,[0]
1277,1801588899,0,[0]
1278,46332798,0,[0]
1279,7886126787,0,[0]
1280,46269962,0,[0]
1281,46287447,0,[0]
1282,3307341845,0,[0]
1283,2016733866,0,[0]
1284,3301285120,0,[0]
1285,46423823,0,[0]
1286,46378914,0,[0]
1287,916874958,0,[0]
1288,46349945,0,[0]
1289,4924587469,0,[0]
1290,1069290032,0,[0]
1291,46445257,0,[0]
1292,46372849,0,[0]
1293,5873985105,0,[0]
1294,46271148,0,[0]
1295,46323092,0,[0]
1296,46383464,0,[0]
1297,46338809,0,[0]
1298,3301285117,0,[0]
1299,46442085,0,[0]
1300,46357693,0,[0]
1301,46384721,0,[0]
1302,46443186,0,[0]
1303,46294029,0,[0]
1304,46254743,0,[0]
1305,46472548,0,[0]
1306,46426302,0,[0]
1307,46346392,0,[0]
1308,46420466,0,[0]
1309,46346369,0,[0]
1310,46439130,0,[0]
1311,46418614,0,[0]
1312,46360088,0,[0]
1313,46307136,0,[0]
1314,3950398650,0,[0]
1315,46414072,0,[0]
1316,4519063338,0,[0]
1317,46388341,0,[0]
1318,46399041,0,[0]
1319,943819581,0,[0]
1320,6659220705,0,[0]
1321,46376161,0,[0]
1322,1332320104,0,[0]
1323,46396064,0,[0]
1324,46439505,0,[0]
1325,46478642,0,[0]
1326,543620629,0,[0]
1327,46303214,0,[0]
1328,46411806,0,[0]
1329,1976839590,0,[0]
1330,1412414792,0,[0]
1331,46402716,0,[0]
1332,1976785434,0,[0]
1333,7883650416,0,[0]
1334,6653637020,0,[0]
1335,622377807,0,[0]
1336,46293269,0,[0]
1337,46359491,0,[0]
1338,46475225,0,[0]
1339,3780287880,0,[0]
1340,4377757606,0,[0]
1341,3784893828,0,[0]
1342,539179266,0,[0]
1343,46414266,0,[0]
1344,46219388,0,[0]
1345,46415272,0,[0]
1346,46393080,0,[0]
1347,46442329,0,[0]
1348,369728264,0,[0]
1349,46325671,0,[0]
1350,4625767593,0,[0]
1351,46403391,0,[0]
1352,46261117,0,[0]
1353,46276421,0,[0]
1354,1828039330,0,[0]
1355,46254897,0,[0]
1356,154528006,0,[0]
1357,46420326,0,[0]
1358,46476750,0,[0]
1359,46361946,0,[0]
1360,46371324,0,[0]
1361,1694687213,0,[0]
1362,46476593,0,[0]
1363,46375508,0,[0]
1364,46244786,0,[0]
1365,295677787,0,[0]
1366,2021896926,0,[0]
1367,2613220870,0,[0]
1368,46282211,0,[0]
1369,6949114046,0,[0]
1370,26206556,0,[0]
1371,46285248,0,[0]
1372,46359454,0,[0]
1373,46393121,0,[0]
1374,46188490,0,[0]
1375,46306046,0,[0]
1376,46253922,0,[0]
1377,46395064,0,[0]
1378,46391899,0,[0]
1379,46330376,0,[0]
1380,46389719,0,[0]
1381,46407225,0,[0]
1382,1412414803,0,[0]
1383,46349603,0,[0]
1384,6654041448,0,[0]
1385,46380118,0,[0]
1386,46287449,0,[0]
1387,3185290420,0,[0]
1388,46321543,0,[0]
1389,46209189,0,[0]
1390,46240199,0,[0]
1391,6225155584,0,[0]
1392,46361504,0,[0]
1393,46270548,0,[0]
1394,7223715072,0,[0]
1395,46308197,0,[0]
1396,46254577,0,[0]
1397,1065765128,0,[0]
1398,46418614,0,[0]
1399,46200672,0,[0]
1400,46332271,0,[0]
1401,46499185,0,[0]
1402,175661644,0,[0]
1403,486055678,0,[0]
1404,46189822,0,[0]
1405,46378609,0,[0]
1406,46340995,0,[0]
1407,734129709,0,[0]
1408,46393888,0,[0]
1409,1029673119,0,[0]
1410,46335638,0,[0]
1411,46522518,0,[0]
1412,5777055048,0,[0]
1413,46374658,0,[0]
1414,46384721,0,[0]
1415,2300133219,0,[0]
1416,46321106,0,[0]
1417,4377757606,0,[0]
1418,46422567,0,[0]
1419,46367002,0,[0]
1420,3826291546,0,[0]
1421,46513336,0,[0]
1422,46443465,0,[0]
1423,46321773,0,[0]
1424,46409979,0,[0]
1425,7886126787,0,[0]
1426,1248500085,0,[0]
1427,429725358,0,[0]
1428,46345379,0,[0]
1429,46317817,0,[0]
1430,46397577,0,[0]
1431,297096559,0,[0]
1432,46418737,0,[0]
1433,46396256,0,[0]
1434,46298530,0,[0]
1435,279459657,0,[0]
1436,1616976872,0,[0]
1437,46537179,0,[0]
1438,3307343592,0,[0]
1439,46286216,0,[0]
1440,46329829,0,[0]
1441,46343684,0,[0]
1442,296265502,0,[0]
1443,46346752,0,[0]
1444,46476521,0,[0]
1445,46375395,0,[0]
1446,46258242,0,[0]
1447,46312590,0,[0]
1448,297095260,0,[0]
1449,46419150,0,[0]
1450,46436725,0,[0]
1451,46388731,0,[0]
1452,46544677,0,[0]
1453,46439126,0,[0]
1454,46402187,0,[0]
1455,4949301843,0,[0]
1456,46479342,0,[0]
1457,46307351,0,[0]
1458,46493012,0,[0]
1459,6459218317,0,[0]
1460,457046919,0,[0]
1461,46386006,0,[0]
1462,46287308,0,[0]
1463,3923400538,0,[0]
1464,46469735,0,[0]
1465,46248207,0,[0]
1466,267044663,0,[0]
1467,46422772,0,[0]
1468,46361247,0,[0]
1469,46301664,0,[0]
1470,46287092,0,[0]
1471,46276230,0,[0]
1472,46260176,0,[0]
1473,46379627,0,[0]
1474,46379143,0,[0]
1475,3307343592,0,[0]
1476,46302950,0,[0]
1477,885659107,0,[0]
1478,943792454,0,[0]
1479,46250111,0,[0]
1480,46220300,0,[0]
1481,6296436094,0,[0]
1482,46344934,0,[0]
1483,898894797,0,[0]
1484,46417893,0,[0]
1485,46454838,0,[0]
1486,46297660,0,[0]
1487,46315476,0,[0]
1488,46316302,0,[0]
1489,46343327,0,[0]
1490,46373371,0,[0]
1491,46429971,0,[0]
1492,4720895761,0,[0]
1493,46479820,0,[0]
1494,1339491541,0,[0]
1495,46446828,0,[0]
1496,5137410225,0,[0]
1497,46474073,0,[0]
1498,2012191844,0,[0]
1499,3307343592,0,[0]
1500,46464900,0,[0]
1501,6299501719,0,[0]
1502,46409618,0,[0]
1503,46275477,0,[0]
1504,442534826,0,[0]
1505,46363698,0,[0]
1506,46424835,0,[0]
1507,4336924182,0,[0]
1508,46429728,0,[0]
1509,46351183,0,[0]
1510,46309535,0,[0]
1511,46391783,0,[0]
1512,46305050,0,[0]
1513,46547622,0,[0]
1514,46336292,0,[0]
1515,46296911,0,[0]
1516,46301968,0,[0]
1517,1617212562,0,[0]
1518,7223715072,0,[0]
1519,46360087,0,[0]
1520,46490080,0,[0]
1521,46475927,0,[0]
1522,506965966,0,[0]
1523,46373244,0,[0]
1524,46312806,0,[0]
1525,7094675707,0,[0]
1526,46399060,0,[0]
1527,4336924181,0,[0]
1528,46292082,0,[0]
1529,46314318,0,[0]
1530,1527945464,0,[0]
1531,46420326,0,[0]
1532,46263141,0,[0]
1533,46376585,0,[0]
1534,46346415,0,[0]
1535,1032858493,0,[0]
1536,486055726,0,[0]
1537,700343154,0,[0]
1538,46245327,0,[0]
1539,46267627,0,[0]
1540,46441800,0,[0]
1541,46297700,0,[0]
1542,46335640,0,[0]
1543,46288121,0,[0]
1544,295681891,0,[0]
1545,46499699,0,[0]
1546,566457236,0,[0]
1547,1655773332,0,[0]
1548,46413078,0,[0]
1549,5899675531,0,[0]
1550,46201103,0,[0]
1551,7223210068,0,[0]
1552,2296170442,0,[0]
1553,46404788,0,[0]
1554,46401740,0,[0]
1555,46375173,0,[0]
1556,46359383,0,[0]
1557,2021881794,0,[0]
1558,1625112221,0,[0]
1559,46267324,0,[0]
1560,1360212313,0,[0]
1561,3300514055,0,[0]
1562,258421441,0,[0]
1563,2772719495,0,[0]
1564,46381769,0,[0]
1565,46277221,0,[0]
1566,46389399,0,[0]
1567,46281451,0,[0]
1568,46390959,0,[0]
1569,2050478571,0,[0]
1570,46295586,0,[0]
1571,1580111772,0,[0]
1572,46370164,0,[0]
1573,46316023,0,[0]
1574,46405314,0,[0]
1575,46444472,0,[0]
1576,46350271,0,[0]
1577,291934616,0,[0]
1578,46298055,0,[0]
1579,46287164,0,[0]
1580,46378533,0,[0]
1581,46445756,0,[0]
1582,46316769,0,[0]
1583,46300196,0,[0]
1584,1435334715,0,[0]
1585,46283090,0,[0]
1586,3294946428,0,[0]
1587,46389153,0,[0]
1588,46446050,0,[0]
1589,46337813,0,[0]
1590,46271124,0,[0]
1591,46414693,0,[0]
1592,734595314,0,[0]
1593,46374243,0,[0]
1594,46348272,0,[0]
1595,46501374,0,[0]
1596,297095256,0,[0]
1597,553318929,0,[0]
1598,46401323,0,[0]
1599,46424496,0,[0]
1600,2306196661,0,[0]
1601,46410411,0,[0]
1602,90098482,0,[0]
1603,46410374,0,[0]
1604,46289809,0,[0]
1605,46414060,0,[0]
1606,46276383,0,[0]
1607,46426476,0,[0]
1608,6927478755,0,[0]
1609,1205690119,0,[0]
1610,6653544388,0,[0]
1611,2311111652,0,[0]
1612,46410375,0,[0]
1613,7042617202,0,[0]
1614,3185290420,0,[0]
1615,2020569012,0,[0]
1616,46461432,0,[0]
1617,292241354,0,[0]
1618,46386724,0,[0]
1619,46299428,0,[0]
1620,46456480,0,[0]
1621,2773423224,0,[0]
1622,46391361,0,[0]
1623,897138870,0,[0]
1624,46451101,0,[0]
1625,46291491,0,[0]
1626,46436643,0,[0]
1627,6933105380,0,[0]
1628,46328228,0,[0]
1629,6018562020,0,[0]
1630,46403911,0,[0]
1631,46276755,0,[0]
1632,46287569,0,[0]
1633,46417929,0,[0]
1634,46425446,0,[0]
1635,46513640,0,[0]
1636,46286795,0,[0]
1637,6654041448,0,[0]
1638,7042617202,0,[0]
1639,295730931,0,[0]
1640,46258484,0,[0]
1641,2345374032,0,[0]
1642,46325757,0,[0]
1643,282780452,0,[0]
1644,46322640,0,[0]
1645,46434352,0,[0]
1646,46383046,0,[0]
1647,46269472,0,[0]
1648,46404439,0,[0]
1649,2020569132,0,[0]
1650,46446589,0,[0]
1651,46406734,0,[0]
1652,3260832797,0,[0]
1653,46481428,0,[0]
1654,31240665,0,[0]
1655,282782975,0,[0]
1656,46267388,0,[0]
1657,7223803102,0,[0]
1658,46432679,0,[0]
1659,3294946428,0,[0]
1660,46326651,0,[0]
1661,1491904231,0,[0]
1662,46389674,0,[0]
1663,46366848,0,[0]
1664,46428124,0,[0]
1665,46331848,0,[0]
1666,46194507,0,[0]
1667,46306698,0,[0]
1668,46387694,0,[0]
1669,46335638,0,[0]
1670,1069290032,0,[0]
1671,1275764702,0,[0]
1672,330199508,0,[0]
1673,46437853,0,[0]
1674,6185791679,0,[0]
1675,46352459,0,[0]
1676,46321773,0,[0]
1677,46448842,0,[0]
1678,46194128,0,[0]
1679,46248052,0,[0]
1680,46401740,0,[0]
1681,6201296474,0,[0]
1682,46471946,0,[0]
1683,46360157,0,[0]
1684,46357702,0,[0]
1685,46418161,0,[0]
1686,46177208,0,[0]
1687,2309524252,0,[0]
1688,46445229,0,[0]
1689,46292089,0,[0]
1690,46416652,0,[0]
1691,46478359,0,[0]
1692,2298641931,0,[0]
1693,46285989,0,[0]
1694,46378180,0,[0]
1695,46363752,0,[0]
1696,46388731,0,[0]
1697,46404816,0,[0]
1698,46548166,0,[0]
1699,700343183,0,[0]
1700,5827459048,0,[0]
1701,46354965,0,[0]
1702,1221182557,0,[0]
1703,46438811,0,[0]
1704,343262180,0,[0]
1705,46448723,0,[0]
1706,46302397,0,[0]
1707,46256636,0,[0]
1708,46388899,0,[0]
1709,5115773383,0,[0]
1710,1851397236,0,[0]
1711,46311681,0,[0]
1712,1027385041,0,[0]
1713,46334874,0,[0]
1714,2016695192,0,[0]
1715,46524287,0,[0]
1716,4918170994,0,[0]
1717,46288476,0,[0]
1718,46329704,0,[0]
1719,46291454,0,[0]
1720,46280915,0,[0]
1721,46418967,0,[0]
1722,46335271,0,[0]
1723,7230058506,0,[0]
1724,46290709,0,[0]
1725,46409493,0,[0]
1726,2006618942,0,[0]
1727,46367801,0,[0]
1728,46341583,0,[0]
1729,5604910199,0,[0]
1730,46279993,0,[0]
1731,46274895,0,[0]
1732,46321106,0,[0]
1733,46472650,0,[0]
1734,46473281,0,[0]
1735,102927601,0,[0]
1736,1826095765,0,[0]
1737,46442946,0,[0]
1738,46310303,0,[0]
1739,863195548,0,[0]
1740,175661621,0,[0]
1741,46281083,0,[0]
1742,46271629,0,[0]
1743,46431799,0,[0]
1744,46359162,0,[0]
1745,46318648,0,[0]
1746,6185791680,0,[0]
1747,1432668024,0,[0]
1748,2306196651,0,[0]
1749,46467085,0,[0]
1750,46218379,0,[0]
1751,2298641937,0,[0]
1752,46183604,0,[0]
1753,1853506943,0,[0]
1754,46402972,0,[0]
1755,3432295945,0,[0]
1756,46448443,0,[0]
1757,46336569,0,[0]
1758,46387188,0,[0]
1759,46400374,0,[0]
1760,46389719,0,[0]
1761,46328581,0,[0]
1762,46293387,0,[0]
1763,5827691888,0,[0]
1764,46410754,0,[0]
1765,437292523,0,[0]
1766,46338042,0,[0]
1767,46410770,0,[0]
1768,46411808,0,[0]
1769,46447066,0,[0]
1770,46328495,0,[0]
1771,46384186,0,[0]
1772,46338081,0,[0]
1773,46473852,0,[0]
1774,46419150,0,[0]
1775,46356276,0,[0]
1776,46340763,0,[0]
1777,46406245,0,[0]
1778,46415905,0,[0]
1779,46465285,0,[0]
1780,46445601,0,[0]
1781,988914103,0,[0]
1782,46301760,0,[0]
1783,46352191,0,[0]
1784,46403979,0,[0]
1785,6949114049,0,[0]
1786,46462483,0,[0]
1787,46342858,0,[0]
1788,46311730,0,[0]
1789,46443603,0,[0]
1790,291130803,0,[0]
1791,520376452,0,[0]
1792,46429483,0,[0]
1793,46428530,0,[0]
1794,46281143,0,[0]
1795,46338045,0,[0]
1796,46396254,0,[0]
1797,46477742,0,[0]
1798,46352078,0,[0]
1799,46290734,0,[0]
1800,46566506,0,[0]
1801,46480820,0,[0]
1802,7042617201,0,[0]
1803,46528962,0,[0]
1804,46559217,0,[0]
1805,2352244639,0,[0]
1806,46398690,0,[0]
1807,46366182,0,[0]
1808,46345125,0,[0]
1809,46551410,0,[0]
1810,434499963,0,[0]
1811,46504366,0,[0]
1812,46356729,0,[0]
1813,46337362,0,[0]
1814,46206853,0,[0]
1815,282782975,0,[0]
1816,46318093,0,[0]
1817,46343533,0,[0]
1818,2012191671,0,[0]
1819,6932944580,0,[0]
1820,46441286,0,[0]
1821,46273456,0,[0]
1822,46287368,0,[0]
1823,46284424,0,[0]
1824,46544288,0,[0]
1825,46290677,0,[0]
1826,46342537,0,[0]
1827,46398978,0,[0]
1828,7230058507,0,[0]
1829,46352838,0,[0]
1830,1332242073,0,[0]
1831,46426302,0,[0]
1832,5191247970,0,[0]
1833,46422040,0,[0]
1834,46386453,0,[0]
1835,46340711,0,[0]
1836,46294768,0,[0]
1837,5024599348,0,[0]
1838,46298342,0,[0]
1839,6071565342,0,[0]
1840,46345887,0,[0]
1841,46328495,0,[0]
1842,2020569045,0,[0]
1843,292914491,0,[0]
1844,46318091,0,[0]
1845,6068759178,0,[0]
1846,2298641917,0,[0]
1847,46407225,0,[0]
1848,46351322,0,[0]
1849,46484983,0,[0]
1850,46424018,0,[0]
1851,46333493,0,[0]
1852,46444737,0,[0]
1853,46424864,0,[0]
1854,46244786,0,[0]
1855,46350188,0,[0]
1856,3176714954,0,[0]
1857,7602852631,0,[0]
1858,46337430,0,[0]
1859,1273723441,0,[0]
1860,46345887,0,[0]
1861,46290739,0,[0]
1862,46326814,0,[0]
1863,5828012925,0,[0]
1864,1587126023,0,[0]
1865,4530306645,0,[0]
1866,1715224330,0,[0]
1867,46408563,0,[0]
1868,5625294703,0,[0]
1869,46461825,0,[0]
1870,46390957,0,[0]
1871,46326107,0,[0]
1872,46344111,0,[0]
1873,1032858478,0,[0]
1874,46450106,0,[0]
1875,46401453,0,[0]
1876,46277155,0,[0]
1877,46435985,0,[0]
1878,46250416,0,[0]
1879,1976785552,0,[0]
1880,46323267,0,[0]
1881,1275536044,0,[0]
1882,46442240,0,[0]
1883,46527017,0,[0]
1884,46329508,0,[0]
1885,46475351,0,[0]
1886,46341915,0,[0]
1887,46390959,0,[0]
1888,46399891,0,[0]
1889,287775057,0,[0]
1890,46346468,0,[0]
1891,3073085594,0,[0]
1892,46402974,0,[0]
1893,46418536,0,[0]
1894,297095257,0,[0]
1895,416986723,0,[0]
1896,46416772,0,[0]
1897,46376161,0,[0]
1898,3463080744,0,[0]
1899,46313235,0,[0]
1900,46410375,0,[0]
1901,46321545,0,[0]
1902,2134273875,0,[0]
1903,46392637,0,[0]
1904,46208922,0,[0]
1905,46248718,0,[0]
1906,46376376,0,[0]
1907,46278724,0,[0]
1908,46416652,0,[0]
1909,46420255,0,[0]
1910,46178256,0,[0]
1911,5180029053,0,[0]
1912,46411806,0,[0]
1913,46284993,0,[0]
1914,734595314,0,[0]
1915,46345887,0,[0]
1916,267044663,0,[0]
1917,46434463,0,[0]
1918,46426683,0,[0]
1919,2012191671,0,[0]
1920,46415797,0,[0]
1921,1618887436,0,[0]
1922,3487664259,0,[0]
1923,46360198,0,[0]
1924,282988850,0,[0]
1925,46397022,0,[0]
1926,46463153,0,[0]
1927,46479062,0,[0]
1928,46258023,0,[0]
1929,7191965037,0,[0]
1930,46278985,0,[0]
1931,46502777,0,[0]
1932,46343002,0,[0]
1933,46374243,0,[0]
1934,46370539,0,[0]
1935,3307341843,0,[0]
1936,5897198108,0,[0]
1937,3295383145,0,[0]
1938,46363900,0,[0]
1939,46309967,0,[0]
1940,46264170,0,[0]
1941,46455997,0,[0]
1942,7026677613,0,[0]
1943,1715224322,0,[0]
1944,7026677595,0,[0]
1945,46311092,0,[0]
1946,3301116263,0,[0]
1947,46398148,0,[0]
1948,46319404,0,[0]
1949,46482966,0,[0]
1950,46321646,0,[0]
1951,7126072907,0,[0]
1952,2311089897,0,[0]
1953,46408151,0,[0]
1954,46271762,0,[0]
1955,46208135,0,[0]
1956,46209033,0,[0]
1957,46257808,0,[0]
1958,46336632,0,[0]
1959,3296689770,0,[0]
1960,6375621725,0,[0]
1961,297096564,0,[0]
1962,5827691886,0,[0]
1963,299709594,0,[0]
1964,413974684,0,[0]
1965,46370050,0,[0]
1966,7230058492,0,[0]
1967,46548112,0,[0]
1968,46277530,0,[0]
1969,5481400822,0,[0]
1970,1731537411,0,[0]
1971,46282365,0,[0]
1972,46440469,0,[0]
1973,46340763,0,[0]
1974,46215273,0,[0]
1975,46428029,0,[0]
1976,46449086,0,[0]
1977,7431281914,0,[0]
1978,46351179,0,[0]
1979,46298099,0,[0]
1980,1221182543,0,[0]
1981,46257572,0,[0]
1982,46371324,0,[0]
1983,4119470844,0,[0]
1984,1731258510,0,[0]
1985,46176462,0,[0]
1986,46235165,0,[0]
1987,46336656,0,[0]
1988,1447440252,0,[0]
1989,7602202564,0,[0]
1990,46415824,0,[0]
1991,1297232281,0,[0]
1992,1419265970,0,[0]
1993,6949114047,0,[0]
1994,1856384492,0,[0]
1995,46419984,0,[0]
1996,46426083,0,[0]
1997,282780481,0,[0]
1998,46268078,0,[0]
1999,46362476,0,[0]
2000,46414072,0,[0]
2001,6138053791,0,[0]
2002,46436493,0,[0]
2003,1328287919,0,[0]
2004,7883684019,0,[0]
2005,1715224330,0,[0]
2006,1341149060,0,[0]
2007,46512300,0,[0]
2008,46472548,0,[0]
2009,2599727061,0,[0]
2010,46289500,0,[0]
2011,2768614268,0,[0]
2012,475361688,0,[0]
2013,46401214,0,[0]
2014,46228133,0,[0]
2015,46432874,0,[0]
2016,46348431,0,[0]
2017,46527995,0,[0]
2018,46448408,0,[0]
2019,46415905,0,[0]
2020,46376866,0,[0]
2021,283619939,0,[0]
2022,46225675,0,[0]
2023,2103982619,0,[0]
2024,46478750,0,[0]
2025,46363752,0,[0]
2026,1686936361,0,[0]
2027,387735058,0,[0]
2028,1326387809,0,[0]
2029,46441860,0,[0]
2030,1624052865,0,[0]
2031,2264589171,0,[0]
2032,46332798,0,[0]
2033,5412176529,0,[0]
2034,46398632,0,[0]
2035,46416917,0,[0]
2036,46428708,0,[0]
2037,46328088,0,[0]
2038,46426683,0,[0]
2039,46353176,0,[0]
2040,46265771,0,[0]
2041,31240616,0,[0]
2042,7223657265,0,[0]
2043,46198612,0,[0]
2044,504575982,0,[0]
2045,46317740,0,[0]
2046,46403983,0,[0]
2047,282780475,0,[0]
2048,46304452,0,[0]
2049,2300846515,0,[0]
2050,7230046371,0,[0]
2051,2012191614,0,[0]
2052,46395415,0,[0]
2053,46286532,0,[0]
2054,3116674748,0,[0]
2055,2101786750,0,[0]
2056,46293706,0,[0]
2057,46419987,0,[0]
2058,2308176051,0,[0]
2059,46401870,0,[0]
2060,1587126024,0,[0]
2061,46178255,0,[0]
2062,46495179,0,[0]
2063,46245940,0,[0]
2064,46326224,0,[0]
2065,46267830,0,[0]
2066,7886095726,0,[0]
2067,46411953,0,[0]
2068,3037052867,0,[0]
2069,46422571,0,[0]
2070,46383551,0,[0]
2071,46259652,0,[0]
2072,3301117463,0,[0]
2073,46361479,0,[0]
2074,46317740,0,[0]
2075,305789970,0,[0]
2076,2020569012,0,[0]
2077,46319024,0,[0]
2078,3296689787,0,[0]
2079,46322641,0,[0]
2080,46468708,0,[0]
2081,46433914,0,[0]
2082,46400478,0,[0]
2083,734129709,0,[0]
2084,26605707,0,[0]
2085,4447532269,0,[0]
2086,267044663,0,[0]
2087,46395870,0,[0]
2088,7230058506,0,[0]
2089,46321618,0,[0]
2090,46519958,0,[0]
2091,46326224,0,[0]
2092,885665122,0,[0]
2093,601499185,0,[0]
2094,46510526,0,[0]
2095,46332271,0,[0]
2096,2298641931,0,[0]
2097,1205690119,0,[0]
2098,46421229,0,[0]
2099,1306229394,0,[0]
2100,2104391541,0,[0]
2101,46362856,0,[0]
2102,46414060,0,[0]
2103,46303114,0,[0]
2104,46286673,0,[0]
2105,7223210071,0,[0]
2106,3295383121,0,[0]
2107,46363752,0,[0]
2108,1577377342,0,[0]
2109,46514542,0,[0]
2110,46415901,0,[0]
2111,434441238,0,[0]
2112,46416520,0,[0]
2113,558702081,0,[0]
2114,1328287919,0,[0]
2115,1732413430,0,[0]
2116,6296436095,0,[0]
2117,149490595,0,[0]
2118,46418935,0,[0]
2119,46306331,0,[0]
2120,748723141,0,[0]
2121,503871759,0,[0]
2122,6932962790,0,[0]
2123,46390032,0,[0]
2124,46239222,0,[0]
2125,2300133261,0,[0]
2126,46371575,0,[0]
2127,46422220,0,[0]
2128,2311168469,0,[0]
2129,46469192,0,[0]
2130,5139580898,0,[0]
2131,46298484,0,[0]
2132,46360267,0,[0]
2133,46444110,0,[0]
2134,1978358506,0,[0]
2135,4789830521,0,[0]
2136,46364922,0,[0]
2137,46442265,0,[0]
2138,1977796581,0,[0]
2139,46360978,0,[0]
2140,46295994,0,[0]
2141,46379359,0,[0]
2142,46569188,0,[0]
2143,46318613,0,[0]
2144,46240199,0,[0]
2145,46346389,0,[0]
2146,5525812308,0,[0]
2147,46337839,0,[0]
2148,46307877,0,[0]
2149,46424767,0,[0]
2150,46318162,0,[0]
2151,46415641,0,[0]
2152,46257989,0,[0]
2153,46202540,0,[0]
2154,1525016351,0,[0]
2155,297095260,0,[0]
2156,3307343586,0,[0]
2157,290976416,0,[0]
2158,452003283,0,[0]
2159,46341915,0,[0]
2160,46497095,0,[0]
2161,2296494806,0,[0]
2162,46420323,0,[0]
2163,46422654,0,[0]
2164,46280154,0,[0]
2165,46364818,0,[0]
2166,5405295682,0,[0]
2167,2400304643,0,[0]
2168,46247806,0,[0]
2169,46297311,0,[0]
2170,46479217,0,[0]
2171,46254897,0,[0]
2172,46439227,0,[0]
2173,46294104,0,[0]
2174,2915175473,0,[0]
2175,46380483,0,[0]
2176,3296689787,0,[0]
2177,4402598902,0,[0]
2178,2300344136,0,[0]
2179,46354459,0,[0]
2180,46289502,0,[0]
2181,46503642,0,[0]
2182,46395987,0,[0]
2183,46436493,0,[0]
2184,46209411,0,[0]
2185,46400295,0,[0]
2186,46391119,0,[0]
2187,46540120,0,[0]
2188,46299759,0,[0]
2189,46464681,0,[0]
2190,46400295,0,[0]
2191,46207644,0,[0]
2192,46390247,0,[0]
2193,46344104,0,[0]
2194,46384225,0,[0]
2195,46370571,0,[0]
2196,46533117,0,[0]
2197,46343674,0,[0]
2198,46321879,0,[0]
2199,46502321,0,[0]
2200,1984393207,0,[0]
2201,1334338691,0,[0]
2202,46528241,0,[0]
2203,46444706,0,[0]
2204,46326732,0,[0]
2205,46456167,0,[0]
2206,746015438,0,[0]
2207,46259622,0,[0]
2208,46437988,0,[0]
2209,46269468,0,[0]
2210,2016695222,0,[0]
2211,46341565,0,[0]
2212,3923400536,0,[0]
2213,46301250,0,[0]
2214,4638852257,0,[0]
2215,46220300,0,[0]
2216,46318613,0,[0]
2217,46410770,0,[0]
2218,297323667,0,[0]
2219,4623486185,0,[0]
2220,46261161,0,[0]
2221,46358999,0,[0]
2222,46175253,0,[0]
2223,364684928,0,[0]
2224,2309524195,0,[0]
2225,46302186,0,[0]
2226,46291028,0,[0]
2227,46350186,0,[0]
2228,46276278,0,[0]
2229,46317938,0,[0]
2230,46285267,0,[0]
2231,46412390,0,[0]
2232,46436268,0,[0]
2233,3625741132,0,[0]
2234,7800918419,0,[0]
2235,1069320462,0,[0]
2236,46398148,0,[0]
2237,2020569166,0,[0]
2238,5852185311,0,[0]
2239,46399459,0,[0]
2240,803491382,0,[0]
2241,46419555,0,[0]
2242,2302860462,0,[0]
2243,46453522,0,[0]
2244,1318851540,0,[0]
2245,46430099,0,[0]
2246,46372409,0,[0]
2247,46271805,0,[0]
2248,46556525,0,[0]
2249,46337326,0,[0]
2250,1936811437,0,[0]
2251,46325882,0,[0]
2252,46252336,0,[0]
2253,46247324,0,[0]
2254,46424801,0,[0]
2255,46312393,0,[0]
2256,46345520,0,[0]
2257,46358114,0,[0]
2258,3185290447,0,[0]
2259,1491904249,0,[0]
2260,46417604,0,[0]
2261,46303771,0,[0]
2262,1089561090,0,[0]
2263,1367613849,0,[0]
2264,6949114048,0,[0]
2265,84628690,0,[0]
2266,46316092,0,[0]
2267,46325296,0,[0]
2268,46391478,0,[0]
2269,46516905,0,[0]
2270,46360267,0,[0]
2271,7563342678,0,[0]
2272,46315402,0,[0]
2273,46280466,0,[0]
2274,46444737,0,[0]
2275,6542548105,0,[0]
2276,46296030,0,[0]
2277,297095272,0,[0]
2278,46530423,0,[0]
2279,46335640,0,[0]
2280,46429238,0,[0]
2281,529002947,0,[0]
2282,6659252458,0,[0]
2283,46317937,0,[0]
2284,46274383,0,[0]
2285,46328546,0,[0]
2286,46362707,0,[0]
2287,46318960,0,[0]
2288,46439917,0,[0]
2289,46353918,0,[0]
2290,46441656,0,[0]
2291,46277492,0,[0]
2292,46392664,0,[0]
2293,46307676,0,[0]
2294,46295609,0,[0]
2295,1386673668,0,[0]
2296,2020569196,0,[0]
2297,46349166,0,[0]
2298,46435845,0,[0]
2299,4375694662,0,[0]
2300,46279373,0,[0]
2301,504576044,0,[0]
2302,295677787,0,[0]
2303,46295586,0,[0]
2304,46444706,0,[0]
2305,46206849,0,[0]
2306,2722390712,0,[0]
2307,46327288,0,[0]
2308,2305669220,0,[0]
2309,46386984,0,[0]
2310,46423029,0,[0]
2311,5828012939,0,[0]
2312,442043122,0,[0]
2313,353030435,0,[0]
2314,1976839588,0,[0]
2315,46404331,0,[0]
2316,1278624626,0,[0]
2317,46202519,0,[0]
2318,4678590733,0,[0]
2319,2020569196,0,[0]
2320,7230046384,0,[0]
2321,46255485,0,[0]
2322,6949114048,0,[0]
2323,46279373,0,[0]
2324,46346389,0,[0]
2325,279459657,0,[0]
2326,46353152,0,[0]
2327,46285210,0,[0]
2328,5275125804,0,[0]
2329,7883037222,0,[0]
2330,46323085,0,[0]
2331,1624052865,0,[0]
2332,46270170,0,[0]
2333,46359491,0,[0]
2334,46523351,0,[0]
2335,46477670,0,[0]
2336,46408248,0,[0]
2337,2311090708,0,[0]
2338,46391574,0,[0]
2339,295657397,0,[0]
2340,2877620938,0,[0]
2341,46314387,0,[0]
2342,46332486,0,[0]
2343,46347861,0,[0]
2344,46357461,0,[0]
2345,46323943,0,[0]
2346,300973288,0,[0]
2347,46198540,0,[0]
2348,1438386566,0,[0]
2349,6932152172,0,[0]
2350,7638757822,0,[0]
2351,3297465151,0,[0]
2352,46321646,0,[0]
2353,46351759,0,[0]
2354,46407302,0,[0]
2355,46365303,0,[0]
2356,1747231829,0,[0]
2357,46477931,0,[0]
2358,5837331024,0,[0]
2359,46402592,0,[0]
2360,46443464,0,[0]
2361,46448678,0,[0]
2362,46411926,0,[0]
2363,46295754,0,[0]
2364,816219865,0,[0]
2365,1693234556,0,[0]
2366,46422646,0,[0]
2367,46389498,0,[0]
2368,46338837,0,[0]
2369,5385801773,0,[0]
2370,46420750,0,[0]
2371,46307579,0,[0]
2372,46310737,0,[0]
2373,2932503163,0,[0]
2374,46357693,0,[0]
2375,46172491,0,[0]
2376,46412541,0,[0]
2377,271391419,0,[0]
2378,46443605,0,[0]
2379,46342623,0,[0]
2380,46411959,0,[0]
2381,46277066,0,[0]
2382,46481696,0,[0]
2383,46409510,0,[0]
2384,46323918,0,[0]
2385,46311137,0,[0]
2386,46514094,0,[0]
2387,46394632,0,[0]
2388,1240965663,0,[0]
2389,46372849,0,[0]
2390,46272266,0,[0]
2391,46389778,0,[0]
2392,175661623,0,[0]
2393,46509623,0,[0]
2394,46444698,0,[0]
2395,5604910197,0,[0]
2396,7891209954,0,[0]
2397,46324556,0,[0]
2398,46344235,0,[0]
2399,46435281,0,[0]
2400,46321971,0,[0]
2401,46382455,0,[0]
2402,46286928,0,[0]
2403,46329414,0,[0]
2404,46295562,0,[0]
2405,1245908862,0,[0]
2406,46289017,0,[0]
2407,46249521,0,[0]
2408,7208395493,0,[0]
2409,46259320,0,[0]
2410,2020569209,0,[0]
2411,46384225,0,[0]
2412,46349235,0,[0]
2413,46289844,0,[0]
2414,46347489,0,[0]
2415,46251809,0,[0]
2416,46440177,0,[0]
2417,46393238,0,[0]
2418,2020614365,0,[0]
2419,46303115,0,[0]
2420,1350198564,0,[0]
2421,46288281,0,[0]
2422,2016695223,0,[0]
2423,2300344136,0,[0]
2424,46426633,0,[0]
2425,46391977,0,[0]
2426,330033173,0,[0]
2427,46319842,0,[0]
2428,46289405,0,[0]
2429,3845397049,0,[0]
2430,46353508,0,[0]
2431,46336205,0,[0]
2432,46382854,0,[0]
2433,3788945719,0,[0]
2434,46304951,0,[0]
2435,46370164,0,[0]
2436,46305753,0,[0]
2437,5832473463,0,[0]
2438,1831046514,0,[0]
2439,46411953,0,[0]
2440,2101786758,0,[0]
2441,46278188,0,[0]
2442,2047973301,0,[0]
2443,5832869154,0,[0]
2444,46305461,0,[0]
2445,46391478,0,[0]
2446,46411926,0,[0]
2447,46316927,0,[0]
2448,1037059832,0,[0]
2449,46424805,0,[0]
2450,288260026,0,[0]
2451,6960792109,0,[0]
2452,46353508,0,[0]
2453,46309915,0,[0]
2454,3307343592,0,[0]
2455,46410991,0,[0]
2456,1602707046,0,[0]
2457,5398669322,0,[0]
2458,46347893,0,[0]
2459,46341119,0,[0]
2460,3781170573,0,[0]
2461,46176514,0,[0]
2462,46397956,0,[0]
2463,5837272326,0,[0]
2464,46305863,0,[0]
2465,46388158,0,[0]
2466,6933063433,0,[0]
2467,46514261,0,[0]
2468,46420255,0,[0]
2469,46426305,0,[0]
2470,4977952665,0,[0]
2471,3781193220,0,[0]
2472,46372849,0,[0]
2473,46351658,0,[0]
2474,46374077,0,[0]
2475,2309566354,0,[0]
2476,46285248,0,[0]
2477,46281226,0,[0]
2478,319545802,0,[0]
2479,46386634,0,[0]
2480,46185030,0,[0]
2481,46383977,0,[0]
2482,46290527,0,[0]
2483,46258950,0,[0]
2484,46495109,0,[0]
2485,46406646,0,[0]
2486,46269856,0,[0]
2487,46434407,0,[0]
2488,46406828,0,[0]
2489,46208302,0,[0]
2490,46316327,0,[0]
2491,46440551,0,[0]
2492,46325381,0,[0]
2493,46381685,0,[0]
2494,46350006,0,[0]
2495,387735058,0,[0]
2496,46392048,0,[0]
2497,1029673119,0,[0]
2498,2020569044,0,[0]
2499,46450950,0,[0]
2500,46532140,0,[0]
2501,46325004,0,[0]
2502,748723141,0,[0]
2503,46428712,0,[0]
2504,3307341839,0,[0]
2505,46291482,0,[0]
2506,46385230,0,[0]
2507,46342168,0,[0]
2508,2300344131,0,[0]
2509,46315406,0,[0]
2510,949979505,0,[0]
2511,4334846756,0,[0]
2512,46411926,0,[0]
2513,46432933,0,[0]
2514,46496417,0,[0]
2515,5142612138,0,[0]
2516,940042039,0,[0]
2517,46393385,0,[0]
2518,46374243,0,[0]
2519,4799100462,0,[0]
2520,46361837,0,[0]
2521,46289580,0,[0]
2522,46384227,0,[0]
2523,46312724,0,[0]
2524,6103939984,0,[0]
2525,46337839,0,[0]
2526,7223369977,0,[0]
2527,46291712,0,[0]
2528,46375502,0,[0]
2529,46353629,0,[0]
2530,2297714226,0,[0]
2531,46253544,0,[0]
2532,46477321,0,[0]
2533,46254743,0,[0]
2534,7602828934,0,[0]
2535,46369368,0,[0]
2536,46340883,0,[0]
2537,46497021,0,[0]
2538,46428530,0,[0]
2539,797987492,0,[0]
2540,46390250,0,[0]
2541,46338081,0,[0]
2542,660280222,0,[0]
2543,46411801,0,[0]
2544,46270689,0,[0]
2545,46317677,0,[0]
2546,46314904,0,[0]
2547,4639694258,0,[0]
2548,455902289,0,[0]
2549,943728096,0,[0]
2550,46366452,0,[0]
2551,46477742,0,[0]
2552,46443465,0,[0]
2553,46356679,0,[0]
2554,46383304,0,[0]
2555,1057076084,0,[0]
2556,46307669,0,[0]
2557,46401362,0,[0]
2558,46342707,0,[0]
2559,46570776,0,[0]
2560,2402709873,0,[0]
2561,46277529,0,[0]
2562,46383334,0,[0]
2563,1976839588,0,[0]
2564,7602812910,0,[0]
2565,46291580,0,[0]
2566,46319465,0,[0]
2567,46313094,0,[0]
2568,46268227,0,[0]
2569,46359180,0,[0]
2570,46336296,0,[0]
2571,46262894,0,[0]
2572,46384186,0,[0]
2573,46365720,0,[0]
2574,46352955,0,[0]
2575,46238247,0,[0]
2576,3781170564,0,[0]
2577,46440525,0,[0]
2578,46264886,0,[0]
2579,4053664514,0,[0]
2580,46489244,0,[0]
2581,46311782,0,[0]
2582,46177897,0,[0]
2583,2772719483,0,[0]
2584,46419644,0,[0]
2585,46484985,0,[0]
2586,2298113097,0,[0]
2587,46522352,0,[0]
2588,46350193,0,[0]
2589,297095264,0,[0]
2590,46368088,0,[0]
2591,2740102393,0,[0]
2592,5713213376,0,[0]
2593,4799100469,0,[0]
2594,46309965,0,[0]
2595,46415905,0,[0]
2596,46314897,0,[0]
2597,46366452,0,[0]
2598,2821156914,0,[0]
2599,7883254372,0,[0]
2600,6278787916,0,[0]
2601,457209293,0,[0]
2602,46353629,0,[0]
2603,46411428,0,[0]
2604,46330757,0,[0]
2605,46340207,0,[0]
2606,6138053791,0,[0]
2607,5191247971,0,[0]
2608,1791494026,0,[0]
2609,679674629,0,[0]
2610,117953807,0,[0]
2611,46422467,0,[0]
2612,46350879,0,[0]
2613,46410991,0,[0]
2614,46257489,0,[0]
2615,46286930,0,[0]
2616,7208341892,0,[0]
2617,1496135468,0,[0]
2618,46347867,0,[0]
2619,46429658,0,[0]
2620,46354504,0,[0]
2621,46303771,0,[0]
2622,46312862,0,[0]
2623,46353914,0,[0]
2624,3898433631,0,[0]
2625,46182656,0,[0]
2626,364684701,0,[0]
2627,46402405,0,[0]
2628,297095277,0,[0]
2629,46349202,0,[0]
2630,46426435,0,[0]
2631,46352857,0,[0]
2632,46354426,0,[0]
2633,46475284,0,[0]
2634,46355863,0,[0]
2635,6949114049,0,[0]
2636,2021835284,0,[0]
2637,6933164026,0,[0]
2638,46370194,0,[0]
2639,2296492684,0,[0]
2640,2793812663,0,[0]
2641,3306416878,0,[0]
2642,46237650,0,[0]
2643,6948740451,0,[0]
2644,46244888,0,[0]
2645,1765623969,0,[0]
2646,46401214,0,[0]
2647,46297841,0,[0]
2648,46406734,0,[0]
2649,46300253,0,[0]
2650,364684701,0,[0]
2651,601499189,0,[0]
2652,5827460190,0,[0]
2653,46279220,0,[0]
2654,46318432,0,[0]
2655,46348429,0,[0]
2656,75553243,0,[0]
2657,46479876,0,[0]
2658,46453687,0,[0]
2659,46247839,0,[0]
2660,7208347507,0,[0]
2661,46324554,0,[0]
2662,7027316064,0,[0]
2663,3301087365,0,[0]
2664,4516017651,0,[0]
2665,152788757,0,[0]
2666,6041958767,0,[0]
2667,46363315,0,[0]
2668,46372231,0,[0]
2669,46268130,0,[0]
2670,46275510,0,[0]
2671,46342624,0,[0]
2672,7800918419,0,[0]
2673,31240665,0,[0]
2674,2820615942,0,[0]
2675,46429658,0,[0]
2676,1332242073,0,[0]
2677,46474515,0,[0]
2678,46436168,0,[0]
2679,46346415,0,[0]
2680,331854558,0,[0]
2681,46410982,0,[0]
2682,46288607,0,[0]
2683,46461070,0,[0]
2684,46330056,0,[0]
2685,46287388,0,[0]
2686,46404672,0,[0]
2687,1559342818,0,[0]
2688,46486205,0,[0]
2689,2772719442,0,[0]
2690,46442919,0,[0]
2691,46409649,0,[0]
2692,46424043,0,[0]
2693,7916705542,0,[0]
2694,1614157902,0,[0]
2695,46488384,0,[0]
2696,5410209289,0,[0]
2697,46357050,0,[0]
2698,46400478,0,[0]
2699,46374673,0,[0]
2700,46297764,0,[0]
2701,4623486308,0,[0]
2702,4279179781,0,[0]
2703,46363443,0,[0]
2704,46398982,0,[0]
2705,46343254,0,[0]
2706,46335752,0,[0]
2707,46431088,0,[0]
2708,46345976,0,[0]
2709,7248192473,0,[0]
2710,46290607,0,[0]
2711,46261111,0,[0]
2712,46407437,0,[0]
2713,46363868,0,[0]
2714,46319870,0,[0]
2715,46280045,0,[0]
2716,46442763,0,[0]
2717,46343768,0,[0]
2718,46297841,0,[0]
2719,46261260,0,[0]
2720,46279450,0,[0]
2721,2309538816,0,[0]
2722,1221182557,0,[0]
2723,46280042,0,[0]
2724,1419351736,0,[0]
2725,46523687,0,[0]
2726,46306778,0,[0]
2727,46434407,0,[0]
2728,46310183,0,[0]
2729,46316441,0,[0]
2730,46367895,0,[0]
2731,1332320027,0,[0]
2732,46369830,0,[0]
2733,297095268,0,[0]
2734,434441227,0,[0]
2735,46312732,0,[0]
2736,46533022,0,[0]
2737,46278188,0,[0]
2738,46423901,0,[0]
2739,46386634,0,[0]
2740,46473852,0,[0]
2741,46271148,0,[0]
2742,46312301,0,[0]
2743,1780485223,0,[0]
2744,46439126,0,[0]
2745,46358578,0,[0]
2746,46416072,0,[0]
2747,46453465,0,[0]
2748,1715224354,0,[0]
2749,46374662,0,[0]
2750,46309963,0,[0]
2751,46484142,0,[0]
2752,2877620938,0,[0]
2753,46274921,0,[0]
2754,46263361,0,[0]
2755,46374673,0,[0]
2756,4759257229,0,[0]
2757,46334874,0,[0]
2758,26371856,0,[0]
2759,46186898,0,[0]
2760,46331712,0,[0]
2761,46315406,0,[0]
2762,46316762,0,[0]
2763,46528597,0,[0]
2764,46272409,0,[0]
2765,46298286,0,[0]
2766,5836950128,0,[0]
2767,4525002389,0,[0]
2768,46385452,0,[0]
2769,271391422,0,[0]
2770,46298725,0,[0]
2771,46422055,0,[0]
2772,5836950146,0,[0]
2773,46189826,0,[0]
2774,2820615942,0,[0]
2775,46279857,0,[0]
2776,46353702,0,[0]
2777,46414738,0,[0]
2778,3301285116,0,[0]
2779,46348139,0,[0]
2780,2308176051,0,[0]
2781,46353511,0,[0]
2782,46247324,0,[0]
2783,783180116,0,[0]
2784,175661644,0,[0]
2785,46301662,0,[0]
2786,46454838,0,[0]
2787,46482157,0,[0]
2788,579539975,0,[0]
2789,46397189,0,[0]
2790,46298974,0,[0]
2791,46409976,0,[0]
2792,46268130,0,[0]
2793,5828012922,0,[0]
2794,46434663,0,[0]
2795,46372472,0,[0]
2796,420241723,0,[0]
2797,46296816,0,[0]
2798,3405237817,0,[0]
2799,46396666,0,[0]
2800,540932845,0,[0]
2801,6933008669,0,[0]
2802,451707312,0,[0]
2803,46198141,0,[0]
2804,46427364,0,[0]
2805,46318165,0,[0]
2806,46417481,0,[0]
2807,46275477,0,[0]
2808,46367805,0,[0]
2809,46336019,0,[0]
2810,3926140288,0,[0]
2811,46429065,0,[0]
2812,46402284,0,[0]
2813,46373281,0,[0]
2814,46274103,0,[0]
2815,46306612,0,[0]
2816,46432832,0,[0]
2817,46288342,0,[0]
2818,46513074,0,[0]
2819,1328287919,0,[0]
2820,943728108,0,[0]
2821,46281524,0,[0]
2822,46448148,0,[0]
2823,46311341,0,[0]
2824,46401266,0,[0]
2825,46316302,0,[0]
2826,46367801,0,[0]
2827,2047973302,0,[0]
2828,6018562023,0,[0]
2829,2311168475,0,[0]
2830,46389314,0,[0]
2831,1625112221,0,[0]
2832,46318572,0,[0]
2833,46521752,0,[0]
2834,46435047,0,[0]
2835,46518706,0,[0]
2836,440673001,0,[0]
2837,46449592,0,[0]
2838,297095256,0,[0]
2839,46403876,0,[0]
2840,721160779,0,[0]
2841,46338873,0,[0]
2842,6296436094,0,[0]
2843,46287447,0,[0]
2844,6296436094,0,[0]
2845,46346264,0,[0]
2846,46405594,0,[0]
2847,46336019,0,[0]
2848,46429242,0,[0]
2849,46330933,0,[0]
2850,5413897223,0,[0]
2851,46398148,0,[0]
2852,46362476,0,[0]
2853,299101778,0,[0]
2854,46434783,0,[0]
2855,46277529,0,[0]
2856,46502038,0,[0]
2857,46443083,0,[0]
2858,46342165,0,[0]
2859,297096564,0,[0]
2860,3179260447,0,[0]
2861,344129671,0,[0]
2862,46479062,0,[0]
2863,4197794027,0,[0]
2864,46432911,0,[0]
2865,46452951,0,[0]
2866,46324209,0,[0]
2867,46431088,0,[0]
2868,4447532269,0,[0]
2869,6932059835,0,[0]
2870,46215633,0,[0]
2871,46269472,0,[0]
2872,46338872,0,[0]
2873,46395064,0,[0]
2874,46389778,0,[0]
2875,46429242,0,[0]
2876,46444698,0,[0]
2877,46434622,0,[0]
2878,46257572,0,[0]
2879,46464681,0,[0]
2880,46394761,0,[0]
2881,3157939511,0,[0]
2882,282780452,0,[0]
2883,284742286,0,[0]
2884,46258323,0,[0]
2885,46421260,0,[0]
2886,7027372303,0,[0]
2887,5139580897,0,[0]
2888,46291392,0,[0]
2889,46375177,0,[0]
2890,5899675531,0,[0]
2891,46320660,0,[0]
2892,46429656,0,[0]
2893,46261683,0,[0]
2894,504930948,0,[0]
2895,3301116866,0,[0]
2896,46267830,0,[0]
2897,46482541,0,[0]
2898,46364819,0,[0]
2899,1973807454,0,[0]
2900,46540833,0,[0]
2901,46447303,0,[0]
2902,46297343,0,[0]
2903,46367561,0,[0]
2904,6932152175,0,[0]
2905,46351245,0,[0]
2906,3300514053,0,[0]
2907,46374658,0,[0]
2908,6235719988,0,[0]
2909,46326815,0,[0]
2910,504576044,0,[0]
2911,46266284,0,[0]
2912,46396601,0,[0]
2913,6932256663,0,[0]
2914,2311090708,0,[0]
2915,46336569,0,[0]
2916,46443190,0,[0]
2917,2972598766,0,[0]
2918,46350688,0,[0]
2919,46360195,0,[0]
2920,343262180,0,[0]
2921,46247754,0,[0]
2922,46273301,0,[0]
2923,46347456,0,[0]
2924,46435792,0,[0]
2925,46515549,0,[0]
2926,46325357,0,[0]
2927,46345663,0,[0]
2928,46398690,0,[0]
2929,360860015,0,[0]
2930,46390032,0,[0]
2931,46439130,0,[0]
2932,46322346,0,[0]
2933,46288054,0,[0]
2934,46428748,0,[0]
2935,46361012,0,[0]
2936,46465784,0,[0]
2937,7191603163,0,[0]
2938,46424310,0,[0]
2939,46274807,0,[0]
2940,2300172811,0,[0]
2941,46401323,0,[0]
2942,722976575,0,[0]
2943,46554350,0,[0]
2944,46359751,0,[0]
2945,2311109604,0,[0]
2946,46200807,0,[0]
2947,46231426,0,[0]
2948,3294630385,0,[0]
2949,46446210,0,[0]
2950,46255081,0,[0]
2951,6653328627,0,[0]
2952,46370539,0,[0]
2953,2352244625,0,[0]
2954,6443995600,0,[0]
2955,46438694,0,[0]
2956,3301285112,0,[0]
2957,1731537426,0,[0]
2958,46304901,0,[0]
2959,46388843,0,[0]
2960,46429658,0,[0]
2961,46435513,0,[0]
2962,4417894524,0,[0]
2963,5273377883,0,[0]
2964,46400511,0,[0]
2965,46374667,0,[0]
2966,3214960374,0,[0]
2967,46276928,0,[0]
2968,46485798,0,[0]
2969,46267729,0,[0]
2970,46551596,0,[0]
2971,46285714,0,[0]
2972,417964568,0,[0]
2973,46281918,0,[0]
2974,46351147,0,[0]
2975,46293554,0,[0]
2976,46336045,0,[0]
2977,46359489,0,[0]
2978,46336423,0,[0]
2979,46281618,0,[0]
2980,46410499,0,[0]
2981,46418111,0,[0]
2982,46433742,0,[0]
2983,46405764,0,[0]
2984,46330373,0,[0]
2985,46279775,0,[0]
2986,3780287880,0,[0]
2987,3116674750,0,[0]
2988,282988850,0,[0]
2989,46430975,0,[0]
2990,46488380,0,[0]
2991,46296909,0,[0]
2992,46420782,0,[0]
2993,46346468,0,[0]
2994,46284809,0,[0]
2995,974691771,0,[0]
2996,46440270,0,[0]
2997,46442778,0,[0]
2998,46253636,0,[0]
2999,46383464,0,[0]
3000,46177245,0,[0]
3001,46335668,0,[0]
3002,46414926,0,[0]
3003,46264886,0,[0]
3004,46423390,0,[0]
3005,46414072,0,[0]
3006,46474073,0,[0]
3007,46324350,0,[0]
3008,46177803,0,[0]
3009,46265956,0,[0]
3010,46434223,0,[0]
3011,46496224,0,[0]
3012,237812191,0,[0]
3013,46439227,0,[0]
3014,46384887,0,[0]
3015,1993559070,0,[0]
3016,46346060,0,[0]
3017,46478963,0,[0]
3018,3307341845,0,[0]
3019,46437731,0,[0]
3020,46289854,0,[0]
3021,46173800,0,[0]
3022,1332242073,0,[0]
3023,2298641934,0,[0]
3024,46365572,0,[0]
3025,6034236151,0,[0]
3026,46441338,0,[0]
3027,46418254,0,[0]
3028,46475750,0,[0]
3029,2016733964,0,[0]
3030,46287366,0,[0]
3031,4623486185,0,[0]
3032,1838674586,0,[0]
3033,46430897,0,[0]
3034,46320805,0,[0]
3035,46208301,0,[0]
3036,46353917,0,[0]
3037,6960792109,0,[0]
3038,1525016908,0,[0]
3039,46306704,0,[0]
3040,3546012193,0,[0]
3041,1106841180,0,[0]
3042,577623692,0,[0]
3043,46379143,0,[0]
3044,46295564,0,[0]
3045,46436270,0,[0]
3046,46456846,0,[0]
3047,4625767591,0,[0]
3048,2306196663,0,[0]
3049,46373276,0,[0]
3050,4638852251,0,[0]
3051,295657855,0,[0]
3052,1992464062,0,[0]
3053,46321276,0,[0]
3054,46179162,0,[0]
3055,46376972,0,[0]
3056,46414806,0,[0]
3057,46283581,0,[0]
3058,46298145,0,[0]
3059,46260180,0,[0]
3060,46435513,0,[0]
3061,46266284,0,[0]
3062,46380540,0,[0]
3063,46295647,0,[0]
3064,46299442,0,[0]
3065,703875174,0,[0]
3066,46461432,0,[0]
3067,46380963,0,[0]
3068,46477623,0,[0]
3069,46351555,0,[0]
3070,46397669,0,[0]
3071,46310733,0,[0]
3072,46305461,0,[0]
3073,46481821,0,[0]
3074,1715224328,0,[0]
3075,46362280,0,[0]
3076,3405237817,0,[0]
3077,4062321721,0,[0]
3078,46267627,0,[0]
3079,139909812,0,[0]
3080,46344786,0,[0]
3081,46343684,0,[0]
3082,46360568,0,[0]
3083,4333085459,0,[0]
3084,46381235,0,[0]
3085,46276755,0,[0]
3086,46478198,0,[0]
3087,46389311,0,[0]
3088,46364818,0,[0]
3089,46417968,0,[0]
3090,46423401,0,[0]
3091,296265502,0,[0]
3092,46511115,0,[0]
3093,7125955953,0,[0]
3094,1624052875,0,[0]
3095,46410466,0,[0]
3096,46370467,0,[0]
3097,46319282,0,[0]
3098,1974935638,0,[0]
3099,46407193,0,[0]
3100,46353880,0,[0]
3101,46361657,0,[0]
3102,46412243,0,[0]
3103,7800970300,0,[0]
3104,46202518,0,[0]
3105,2774989829,0,[0]
3106,31240668,0,[0]
3107,46479257,0,[0]
3108,46407199,0,[0]
3109,46316659,0,[0]
3110,401502412,0,[0]
3111,1724634104,0,[0]
3112,6037076100,0,[0]
3113,46336500,0,[0]
3114,46288859,0,[0]
3115,2300344131,0,[0]
3116,46285451,0,[0]
3117,477535905,0,[0]
3118,2020233448,0,[0]
3119,46220300,0,[0]
3120,46442767,0,[0]
3121,7909102771,0,[0]
3122,46442767,0,[0]
3123,46308917,0,[0]
3124,1827992634,0,[0]
3125,1258330535,0,[0]
3126,46396482,0,[0]
3127,46327394,0,[0]
3128,46220735,0,[0]
3129,1472217422,0,[0]
3130,46430738,0,[0]
3131,46258482,0,[0]
3132,1716439678,0,[0]
3133,46339348,0,[0]
3134,46283336,0,[0]
3135,46301596,0,[0]
3136,734595314,0,[0]
3137,3780287880,0,[0]
3138,2324042730,0,[0]
3139,46436641,0,[0]
3140,46294809,0,[0]
3141,344904554,0,[0]
3142,46419807,0,[0]
3143,4949301843,0,[0]
3144,46297426,0,[0]
3145,46427652,0,[0]
3146,300174248,0,[0]
3147,46369281,0,[0]
3148,267044663,0,[0]
3149,46329700,0,[0]
3150,46439917,0,[0]
3151,3294946428,0,[0]
3152,46281244,0,[0]
3153,46390250,0,[0]
3154,6680305516,0,[0]
3155,3301285118,0,[0]
3156,46473657,0,[0]
3157,46298530,0,[0]
3158,46370740,0,[0]
3159,46362483,0,[0]
3160,46422645,0,[0]
3161,5137395428,0,[0]
3162,46325421,0,[0]
3163,2306196661,0,[0]
3164,46376831,0,[0]
3165,437292523,0,[0]
3166,46305430,0,[0]
3167,46319024,0,[0]
3168,1576270042,0,[0]
3169,46347260,0,[0]
3170,46342070,0,[0]
3171,46315158,0,[0]
3172,46351973,0,[0]
3173,722976561,0,[0]
3174,46448493,0,[0]
3175,46328501,0,[0]
3176,46284004,0,[0]
3177,46421833,0,[0]
3178,46273305,0,[0]
3179,949979523,0,[0]
3180,798909668,0,[0]
3181,46319369,0,[0]
3182,1432668022,0,[0]
3183,46385545,0,[0]
3184,5416912856,0,[0]
3185,46403264,0,[0]
3186,5904163578,0,[0]
3187,46309963,0,[0]
3188,46331553,0,[0]
3189,46339885,0,[0]
3190,297879408,0,[0]
3191,46558244,0,[0]
3192,46375173,0,[0]
3193,46290081,0,[0]
3194,46326732,0,[0]
3195,6949114046,0,[0]
3196,2400161649,0,[0]
3197,3176714997,0,[0]
3198,1252351312,0,[0]
3199,46479393,0,[0]
3200,46420249,0,[0]
